{"cameraMode":{"drawMode":0,"name":"Shaded","section":"Shading Mode"},"sceneLighting":false,"audioPlay":false,"sceneViewState":{"showFog":true,"showMaterialUpdate":false,"showSkybox":false,"showFlares":true,"showImageEffects":true,"showParticleSystems":true,"showVisualEffectGraphs":true,"m_FxEnabled":true},"in2DMode":false,"pivot":{"x":293.5170593261719,"y":189.66082763671876,"z":38.747596740722659},"rotation":{"x":0.05727212876081467,"y":0.014970396645367146,"z":-0.0008590027573518455,"w":0.9982482194900513},"size":262.8065490722656,"orthographic":false}