{"cameraMode":{"drawMode":0,"name":"Shaded","section":"Shading Mode"},"sceneLighting":false,"audioPlay":false,"sceneViewState":{"showFog":true,"showMaterialUpdate":false,"showSkybox":true,"showFlares":true,"showImageEffects":true,"showParticleSystems":true},"in2DMode":false,"pivot":{"x":-0.053758591413497928,"y":-0.35103076696395876,"z":0.32637739181518557},"rotation":{"x":-0.06209160387516022,"y":0.9182526469230652,"z":-0.3570120632648468,"w":-0.15970435738563538},"size":1.8073949813842774,"orthographic":false}